streetNumber,lastName,name,salesForceNotes,type,street,phone,email
1,,,,,AHORN GROVE,,
3,,,,,AHORN GROVE,,
,,,,,,,
26,,,,,ALLEN MANOR,,
,,,,,,,
22,,,,,BERNADOTTE DR,,
36,,,,,BERNADOTTE DR,,
40,,,,,BERNADOTTE DR,,
42,,,,,BERNADOTTE DR,,
50,,,,,BERNADOTTE DR,,
52,,,,,BERNADOTTE DR,,
,,,,,,,
28,,,,,BLENCATHRA HILL,,
30,,,,,BLENCATHRA HILL,,
32,,,,,BLENCATHRA HILL,,
,,,,,,,
1,,,,,BOWES LYON CRT,,
11,,,,,BOWES LYON CRT,,
25,,,,,BOWES LYON CRT,,
27,,,,,BOWES LYON CRT,,
,,,,,,,
7,,,,,BOYNTON CIR,,
8,,,,,BOYNTON CIR,,
17,,,,,BOYNTON CIR,,
18,,,,,BOYNTON CIR,,
20,,,,,BOYNTON CIR,,
24,,,,,BOYNTON CIR,,
30,,,,,BOYNTON CIR,,
34,,,,,BOYNTON CIR,,
49,,,,,BOYNTON CIR,,
,,,,,,,
4,,,,,CACHET PKY,,
5,,,,,CACHET PKY,,
8,,,,,CACHET PKY,,
9,,,,,CACHET PKY,,
11,,,,,CACHET PKY,,
12,,,,,CACHET PKY,,
14,,,,,CACHET PKY,,
15,,,,,CACHET PKY,,
18,,,,,CACHET PKY,,
36,,,,,CACHET PKY,,
39,,,,,CACHET PKY,,
41,,,,,CACHET PKY,,
45,,,,,CACHET PKY,,
48,,,,,CACHET PKY,,
58,,,,,CACHET PKY,,
59,,,,,CACHET PKY,,
60,,,,,CACHET PKY,,
68,,,,,CACHET PKY,,
72,,,,,CACHET PKY,,
74,,,,,CACHET PKY,,
75,,,,,CACHET PKY,,
77,,,,,CACHET PKY,,
,,,,,,,
1,,,,,CASTLE CRT,,
,,,,,,,
8,,,,,CUMBERLAND CRT,,
,,,,,,,
1,,,,,DECOURCY CRT,,
3,,,,,DECOURCY CRT,,
7,,,,,DECOURCY CRT,,
,,,,,,,
12,,,,,DEVON CRT,,
,,,,,,,
2,,,,,FORSON CRT,,
6,,,,,FORSON CRT,,
,,,,,,,
3,,,,,HERITAGE WOODS MANOR,,
12,,,,,HERITAGE WOODS MANOR,,
,,,,,,,
2,,,,,JENNING GATE,,
8,,,,,JENNING GATE,,
,,,,,,,
3231,,,,,MAJOR MACKENZIE DR E,,
3549,,,,,MAJOR MACKENZIE DR E,,
,,,,,,,
11,,,,,OLD 17 AV,,
21,,,,,OLD 17 AV,,
,,,,,,,
9,,,,,PERSONNA BL,,
12,,,,,PERSONNA BL,,
14,,,,,PERSONNA BL,,
16,,,,,PERSONNA BL,,
17,,,,,PERSONNA BL,,
22,,,,,PERSONNA BL,,
26,,,,,PERSONNA BL,,
35,,,,,PERSONNA BL,,
50,,,,,PERSONNA BL,,
,,,,,,,
10,,,,,RICHARD PERSON DR,,
15,,,,,RICHARD PERSON DR,,
31,,,,,RICHARD PERSON DR,,
36,,,,,RICHARD PERSON DR,,
38,,,,,RICHARD PERSON DR,,
,,,,,,,
4,,,,,RYAN CR,,
24,,,,,RYAN CR,,
26,,,,,RYAN CR,,
15,,,,,RYAN CR UNIT 839,,
,,,,,,,
6,,,,,SYLVIA CRT,,
,,,,,,,
1,,,,,WALSINGHAM CRT,,
3,,,,,WALSINGHAM CRT,,
7,,,,,WALSINGHAM CRT,,
,,,,,,,
9735,,,,,WARDEN AV,,
9779,,,,,WARDEN AV,,
,,,,,,,
3,,,,,WILMONT CRT,,
8,,,,,WILMONT CRT,,
,,,,,,,
9835,,,,,WOODBINE AV,,
9845,,,,,WOODBINE AV,,
9947,,,,,WOODBINE AV,,
