 ,,92,GMLYON20_3011A,,,,,,,
,,Type,LAST NAME,NAME,Phone - Email,Notes,,,,
,AHORN GROVE   1,,,,,,,DATE,TIME IN,TIME OUT
,AHORN GROVE   3,,,,,,,,,
,,,,,,,,,,
,ALLEN MANOR   26,,,,,,,,,
,,,,,,,,,,
,BERNADOTTE DR   22,,,,,,,,,
,BERNADOTTE DR   36,,,,,,,,,
,BERNADOTTE DR   40,,,,,,,,,
,BERNADOTTE DR   42,,,,,,,,,
,BERNADOTTE DR   50,,,,,,,,,
,BERNADOTTE DR   52,,,,,,,,,
,,,,,,,,,,
,BLENCATHRA HILL   28,,,,,,,,,
,BLENCATHRA HILL   30,,,,,,,,,
,BLENCATHRA HILL   32,,,,,,,,,
,,,,,,,,,,
,BOWES LYON CRT  1,,,,,,,,,
,BOWES LYON CRT  11,,,,,,,,,
,BOWES LYON CRT  25,,,,,,,,,
,BOWES LYON CRT  27,,,,,,,,,
,,,,,,,,,,
,BOYNTON CIR   7,,,,,,,,,
,BOYNTON CIR   8,,,,,,,,,
,BOYNTON CIR   17,,,,,,,,,
,BOYNTON CIR   18,,,,,,,,,
,BOYNTON CIR   20,,,,,,,,,
,BOYNTON CIR   24,,,,,,,,,
,BOYNTON CIR   30,,,,,,,,,
,BOYNTON CIR   34,,,,,,,,,
,BOYNTON CIR   49,,,,,,,,,
,,,,,,,,,,
,CACHET PKY   4,,,,,,,,,
,CACHET PKY   5,,,,,,,,,
,CACHET PKY   8,,,,,,,,,
,CACHET PKY   9,,,,,,,,,
,CACHET PKY   11,,,,,,,,,
,CACHET PKY   12,,,,,,,,,
,CACHET PKY   14,,,,,,,,,
,CACHET PKY   15,,,,,,,,,
,CACHET PKY   18,,,,,,,,,
,CACHET PKY   36,,,,,,,,,
,CACHET PKY   39,,,,,,,,,
,CACHET PKY   41,,,,,,,,,
,CACHET PKY   45,,,,,,,,,
,CACHET PKY   48,,,,,,,,,
,CACHET PKY   58,,,,,,,,,
,CACHET PKY   59,,,,,,,,,
,CACHET PKY   60,,,,,,,,,
,CACHET PKY   68,,,,,,,,,
,CACHET PKY   72,,,,,,,,,
,CACHET PKY   74,,,,,,,,,
,CACHET PKY   75,,,,,,,,,
,CACHET PKY   77,,,,,,,,,
,,,,,,,,,,
,CASTLE CRT   1,,,,,,,,,
,,,,,,,,,,
,CUMBERLAND CRT   8,,,,,,,,,
,,,,,,,,,,
,DECOURCY CRT   1,,,,,,,,,
,DECOURCY CRT   3,,,,,,,,,
,DECOURCY CRT   7,,,,,,,,,
,,,,,,,,,,
,DEVON CRT   12,,,,,,,,,
,,,,,,,,,,
,FORSON CRT   2,,,,,,,,,
,FORSON CRT   6,,,,,,,,,
,,,,,,,,,,
,HERITAGE WOODS MANOR  3,,,,,,,,,
,HERITAGE WOODS MANOR  12,,,,,,,,,
,,,,,,,,,,
,JENNING GATE   2,,,,,,,,,
,JENNING GATE   8,,,,,,,,,
,,,,,,,,,,
,MAJOR MACKENZIE DR E 3231,,,,,,,,,
,MAJOR MACKENZIE DR E 3549,,,,,,,,,
,,,,,,,,,,
,OLD 17 AV  11,,,,,,,,,
,OLD 17 AV  21,,,,,,,,,
,,,,,,,,,,
,PERSONNA BL   9,,,,,,,,,
,PERSONNA BL   12,,,,,,,,,
,PERSONNA BL   14,,,,,,,,,
,PERSONNA BL   16,,,,,,,,,
,PERSONNA BL   17,,,,,,,,,
,PERSONNA BL   22,,,,,,,,,
,PERSONNA BL   26,,,,,,,,,
,PERSONNA BL   35,,,,,,,,,
,PERSONNA BL   50,,,,,,,,,
,,,,,,,,,,
,RICHARD PERSON DR  10,,,,,,,,,
,RICHARD PERSON DR  15,,,,,,,,,
,RICHARD PERSON DR  31,,,,,,,,,
,RICHARD PERSON DR  36,,,,,,,,,
,RICHARD PERSON DR  38,,,,,,,,,
,,,,,,,,,,
,RYAN CR   4,,,,,,,,,
,RYAN CR   24,,,,,,,,,
,RYAN CR   26,,,,,,,,,
,RYAN CR UNIT 839 15,,,,,,,,,
,,,,,,,,,,
,SYLVIA CRT   6,,,,,,,,,
,,,,,,,,,,
,WALSINGHAM CRT   1,,,,,,,,,
,WALSINGHAM CRT   3,,,,,,,,,
,WALSINGHAM CRT   7,,,,,,,,,
,,,,,,,,,,
,WARDEN AV   9735,,,,,,,,,
,WARDEN AV   9779,,,,,,,,,
,,,,,,,,,,
,WILMONT CRT   3,,,,,,,,,
,WILMONT CRT   8,,,,,,,,,
,,,,,,,,,,
,WOODBINE AV   9835,,,,,,,,,
,WOODBINE AV   9845,,,,,,,,,
,WOODBINE AV   9947,,,,,,,,,